{"stats":{"minecraft:custom":{"minecraft:time_since_rest":3343,"minecraft:play_one_minute":3343,"minecraft:crouch_one_cm":35,"minecraft:sprint_one_cm":3869,"minecraft:walk_one_cm":10813,"minecraft:sneak_time":3,"minecraft:walk_under_water_one_cm":164,"minecraft:jump":50,"minecraft:leave_game":3,"minecraft:time_since_death":3343,"minecraft:walk_on_water_one_cm":366,"minecraft:swim_one_cm":835,"minecraft:fall_one_cm":1103,"minecraft:fly_one_cm":6674},"minecraft:mined":{"minecraft:grass":32,"minecraft:acacia_log":2,"minecraft:grass_block":11,"minecraft:oak_log":2,"minecraft:sand":1,"minecraft:dirt":6,"minecraft:tall_grass":4},"minecraft:picked_up":{"minecraft:acacia_log":2,"minecraft:wheat_seeds":5,"minecraft:sand":1,"minecraft:oak_log":2,"minecraft:dirt":17},"minecraft:used":{"minecraft:dirt":6},"minecraft:crafted":{"minecraft:acacia_planks":8,"minecraft:crafting_table":1,"minecraft:stick":4}},"DataVersion":2586}