{"stat.chestOpened":28,"stat.pickup.minecraft.bone":10,"stat.leaveGame":1,"stat.mineBlock.minecraft.cobblestone":3,"stat.mineBlock.ebwizardry.crystal_flower":2,"stat.pickup.minecraft.stone_axe":1,"stat.pickup.minecraft.leather_chestplate":1,"stat.pickup.pvj.cattail":1,"stat.pickup.astralsorcery.itemconstellationpaper":2,"stat.craftItem.minecraft.wool":4,"stat.pickup.ic2.te":1,"stat.pickup.mysticalworld.charred_log":14,"stat.mineBlock.pvj.short_grass":9,"stat.jump":751,"stat.swimOneCm":17975,"stat.pickup.mysticalworld.amethyst_pickaxe":1,"stat.fallOneCm":16480,"stat.climbOneCm":9513,"stat.craftItem.minecraft.shield":1,"stat.pickup.minecraft.iron_ingot":5,"stat.useItem.minecraft.stone_axe":19,"stat.pickup.minecraft.gunpowder":2,"stat.crouchOneCm":4501,"stat.pickup.pvj.silverleaf":2,"ent.learn":1,"stat.pickup.minecraft.dirt":8,"stat.useItem.minecraft.dirt":3,"stat.useItem.minecraft.stone_slab2":8,"stat.craftingTableInteraction":10,"stat.pickup.minecraft.rotten_flesh":1,"stat.craftItem.minecraft.furnace":6,"stat.pickup.lycanitesmobs.poisongland":3,"reaper.kill":1,"stat.pickup.silentgems.glowrose":1,"stat.pickup.mysticalworld.silkworm_egg":2,"stat.pickup.minecraft.leather":10,"stat.pickup.minecraft.feather":16,"stat.pickup.pvj.spectral_wrappings":11,"stat.damageTaken":638,"stat.useItem.minecraft.furnace":5,"stat.pickup.minecraft.cobblestone":57,"stat.pickup.ebwizardry.crystal_flower":3,"stat.pickup.minecraft.leather_boots":1,"stat.pickup.minecraft.planks":10,"stat.useItem.lycanitesmobs.cooked_arisaur_meat":1,"stat.pickup.minecraft.prismarine_crystals":6,"stat.pickup.familiarfauna.turkey_leg_raw":4,"stat.flyOneCm":107166,"stat.craftItem.familiarfauna.venison_cooked":7,"stat.pickup.pvj.raw_duck":4,"stat.pickup.lycanitesmobs.faeboltcharge":4,"stat.useItem.minecraft.stone_sword":27,"stat.damageDealt":6419,"reaper.learn":1,"stat.sleepInBed":1,"stat.timeSinceDeath":22284,"stat.mineBlock.minecraft.dirt":8,"arisaur.kill":6,"stat.killEntity.pvj_duck":2,"stat.craftItem.minecraft.leather":5,"stat.drop.pvj.silverleaf":1,"stat.walkOneCm":104003,"stat.useItem.minecraft.bread":10,"lurker.kill":3,"lurker.learn":1,"stat.mineBlock.ic2.te":1,"stat.pickup.mysticalworld.charred_planks":30,"stat.pickup.minecraft.stick":13,"stat.mineBlock.pvj.silverleaf":2,"stat.killEntity.pvj_shade":2,"stat.craftItem.mysticalworld.amethyst_sword":1,"stat.pickup.minecraft.crafting_table":3,"stat.useItem.minecraft.cobblestone":13,"stat.mineBlock.pvj.pvj_cobweb":11,"stat.furnaceInteraction":18,"stat.craftItem.minecraft.crafting_table":1,"stat.mineBlock.botania.flower":3,"stat.craftItem.ic2.te":1,"stat.killEntity.Creeper":1,"stat.pickup.minecraft.shield":1,"stat.mineBlock.mysticalworld.charred_log":15,"stat.pickup.minecraft.log":3,"stat.pickup.minecraft.string":21,"stat.mineBlock.ebwizardry.runestone":1,"stat.pickup.lycanitesmobs.spectralboltcharge":6,"stat.craftItem.minecraft.stone_slab2":0,"stat.pickup.usefulbackpacks.backpack":1,"stat.craftItem.usefulbackpacks.backpack":1,"stat.pickup.lycanitesmobs.raw_arisaur_meat":22,"stat.useItem.mysticalworld.amethyst_sword":104,"stat.craftItem.familiarfauna.turkey_leg_cooked":2,"stat.pickup.minecraft.leather_helmet":1,"stat.pickup.minecraft.sapling":1,"stat.killEntity.familiarfauna.turkey":2,"stat.pickup.minecraft.ender_pearl":1,"stat.sprintOneCm":142126,"stat.killEntity.entity_fox":5,"stat.craftItem.minecraft.stick":16,"stat.pickup.minecraft.gold_ingot":2,"stat.pickup.mysticalworld.amethyst_sword":1,"stat.useItem.mysticalworld.amethyst_pickaxe":16,"stat.killEntity.pvj_small_spider":2,"stat.craftItem.pvj.cooked_duck":2,"stat.craftItem.minecraft.planks":12,"stat.killEntity.familiarfauna.butterfly":1,"stat.pickup.mysticalworld.pelt":5,"stat.mineBlock.minecraft.sea_lantern":1,"stat.mineBlock.minecraft.crafting_table":2,"stat.killEntity.Spider":1,"stat.mineBlock.astralsorcery.blockmarble":7,"arisaur.learn":1,"stat.pickup.minecraft.bread":17,"stat.killEntity.familiarfauna.deer":4,"stat.pickup.minecraft.pumpkin_seeds":4,"stat.pickup.ebwizardry.runestone":2,"stat.craftItem.lycanitesmobs.cooked_arisaur_meat":11,"stat.mobKills":44,"stat.pickup.minecraft.leather_leggings":1,"stat.mineBlock.minecraft.log":3,"stat.pickup.botania.flower":3,"stat.pickup.familiarfauna.venison_raw":7,"jabberwock.kill":2,"nymph.kill":1,"stat.deaths":1,"stat.drop":1,"stat.mineBlock.minecraft.leaves":13,"stat.mineBlock.pvj.cattail":1,"stat.playOneMinute":50557,"stat.killEntity.pvj_ghost":4,"stat.pickup.minecraft.red_flower":3,"stat.sneakTime":1591,"stat.pickup.astralsorcery.blockmarble":7,"stat.killEntity.Zombie":5,"stat.craftItem.mysticalworld.amethyst_pickaxe":1,"stat.mineBlock.minecraft.tallgrass":2,"stat.diveOneCm":11965,"stat.craftItem.mysticalworld.charred_planks":40,"jabberwock.learn":1}