{"stat.chestOpened":12,"stat.walkOneCm":16864,"stat.pickup.minecraft.bone":3,"stat.useItem.minecraft.bread":1,"stat.pickup.silentgems.glowrose":2,"stat.craftItem.minecraft.planks":48,"geonach.learn":1,"stat.damageTaken":48,"stat.pickup.pvj.siltstone":8,"stat.pickup.astralsorcery.itemcraftingcomponent":2,"stat.mobKills":2,"stat.pickup.minecraft.cobblestone":6,"stat.mineBlock.minecraft.log":9,"stat.pickup.minecraft.log":12,"stat.flyOneCm":5452,"stat.mineBlock.pvj.short_grass":1,"stat.jump":58,"stat.swimOneCm":199,"stat.playOneMinute":5312,"stat.pickup.minecraft.coal":2,"stat.fallOneCm":896,"stat.climbOneCm":5510,"stat.useItem.minecraft.stone_sword":5,"stat.pickup.minecraft.glowstone_dust":3,"stat.sneakTime":18,"stat.pickup.minecraft.melon_seeds":2,"stat.useItem.minecraft.stone_axe":11,"stat.damageDealt":284,"ent.kill":2,"stat.useItem.minecraft.melon_seeds":1,"ent.learn":2,"stat.timeSinceDeath":5312,"stat.pickup.minecraft.sapling":2,"stat.pickup.minecraft.ender_pearl":1,"stat.pickup.minecraft.dirt":3,"stat.sprintOneCm":12960,"stat.useItem.minecraft.stone_slab2":1,"stat.pickup.minecraft.apple":1,"stat.mineBlock.pvj.bracket_fungus":1,"stat.pickup.minecraft.gold_ingot":1}