{"stat.chestOpened":16,"stat.killEntity.pvj_small_spider":2,"stat.walkOneCm":33643,"stat.pickup.silentgems.glowrose":1,"stat.craftItem.minecraft.planks":12,"stat.killEntity.familiarfauna.butterfly":1,"stat.leaveGame":1,"stat.pickup.mysticalworld.pelt":5,"stat.damageTaken":15,"stat.pickup.pvj.spectral_wrappings":2,"stat.mineBlock.pvj.pvj_cobweb":6,"stat.killEntity.familiarfauna.deer":3,"stat.mobKills":12,"stat.mineBlock.minecraft.log":3,"stat.pickup.familiarfauna.venison_raw":4,"stat.pickup.minecraft.planks":10,"stat.mineBlock.mysticalworld.charred_log":15,"stat.pickup.mysticalworld.charred_log":14,"stat.pickup.minecraft.log":3,"stat.pickup.minecraft.string":6,"stat.flyOneCm":15384,"stat.mineBlock.pvj.short_grass":1,"stat.jump":91,"stat.mineBlock.minecraft.leaves":7,"stat.swimOneCm":1218,"stat.playOneMinute":13657,"stat.fallOneCm":1047,"stat.climbOneCm":5204,"stat.killEntity.pvj_ghost":1,"stat.useItem.minecraft.stone_sword":27,"stat.useItem.minecraft.stone_axe":17,"stat.damageDealt":900,"stat.timeSinceDeath":13657,"stat.pickup.minecraft.sapling":1,"stat.pickup.minecraft.dirt":2,"stat.sprintOneCm":28514,"stat.mineBlock.minecraft.dirt":2,"stat.killEntity.entity_fox":5,"stat.useItem.minecraft.stone_slab2":1,"stat.mineBlock.minecraft.tallgrass":2,"stat.diveOneCm":396,"stat.craftItem.minecraft.stick":4,"stat.craftItem.minecraft.leather":5,"stat.craftingTableInteraction":2}